{
"lengthUnit": "mil",
"components": {
	"fields": ["COMPONENT_NO", "COMPONENT_NAME", "LAYER", "X_COORDINATE", "Y_COORDINATE", "ANGLE"],
	"rows": [
		[1, "C18", "T", -219.99, 425.76, 180],
		[2, "C19", "T", -355.32, 302.09, 90],
		[3, "C20", "T", 121.74, 8.27, 270],
		[4, "C21", "T", 119.65, -99.65, 90],
		[5, "C22", "T", 123.44, -340, 90],
		[6, "C23", "T", 123.44, -220, 270],
		[7, "C24", "T", -221.61, 373.36, 180],
		[8, "C25", "T", -407.63, 302.39, 90],
		[9, "C26", "T", 120, 165, 270],
		[10, "C27", "T", 180, 165, 270],
		[11, "C28", "T", -625.52, 224.17, 180],
		[12, "C29", "T", -283.45, 221.35, 90],
		[13, "C30", "T", -234.67, 220.11, 90],
		[14, "C31", "T", -187.74, 219.74, 90],
		[15, "C32", "T", -48.87, 123.44, 0],
		[16, "C33", "T", -49.35, 176.06, 0],
		[17, "C34", "T", 530, 100, 180],
		[18, "E1", "T", -212.82, 309.34, 0],
		[19, "E2", "T", -473.53, 314.05, 270],
		[20, "FPC1", "T", -995, -1300, 0],
		[21, "FPC2", "T", 645, -455, 270],
		[22, "FPC3", "T", -410, -730, 270],
		[23, "FPC4", "T", -430, -1295, 0],
		[24, "L1", "T", 55, 170, 270],
		[25, "LED1", "T", 325, 255, 180],
		[26, "LED2", "T", 330, 160, 180],
		[27, "NC1", "T", 965, -265, 180],
		[28, "Q3", "T", 825, -315, 0],
		[29, "R11", "T", -230, -715, 90],
		[30, "R12", "T", -955, 75, 90],
		[31, "R13", "T", -1125, 70, 270],
		[32, "R14", "T", -900, 75, 270],
		[33, "R15", "T", 825, -420, 180],
		[34, "R16", "T", 235, 165, 90],
		[35, "R17", "T", 215, 255, 180],
		[36, "R18", "T", 430, 100, 0],
		[37, "R19", "T", -1010, 70, 270],
		[38, "R20", "T", -1065, 70, 270],
		[39, "R21", "T", -145, -575, 180],
		[40, "R22", "T", -130, -715, 270],
		[41, "R23", "T", 965, -320, 180],
		[42, "R24", "T", -180, -715, 90],
		[43, "R25", "T", 966.28, -371.1, 180],
		[44, "R27", "T", -475, -1135, 180],
		[45, "R28", "T", -385, -1135, 180],
		[46, "Reset", "T", 460, -30, 180],
		[47, "SW4", "T", 90, -645, 270],
		[48, "U1", "T", -380, -175, 90],
		[49, "U2", "T", -610, 355, 0],
		[50, "U15", "T", -1400, -470, 270],
		[51, "U16", "T", -1477.64, -1269.75, 0],
		[52, "U17", "T", -1477.92, 335.25, 0],
		[53, "U18", "T", 725.36, -1274.75, 0],
		[54, "U19", "T", 731.81, 335.25, 0],
		[55, "USBC1", "T", -1000, 300, 180],
		[56, "X1", "T", 220, -40, 90],
		[57, "X2", "T", 200, -285, 270]
	]
},
"pins": {
	"fields": ["PIN_NO", "PIN_NAME", "PIN_X", "PIN_Y", "LAYER", "PIN_TYPE", "NET_NAME", "NET_TYPE", "PAD_SHAPE", "PAD_SIZEX", "PAD_SIZEY", "HOLE_SIZE", "PAD_ANGLE"],
	"rows": [
		[1, "C18_1", -198.53, 425.76, "T", "SMD", "GND", "GND", "R", 31.11, 21.26, 0, 180],
		[2, "C18_2", -241.45, 425.76, "T", "SMD", "VCC", "", "R", 31.11, 21.26, 0, 180],
		[3, "C19_1", -355.32, 280.63, "T", "SMD", "GND", "GND", "R", 31.11, 21.26, 0, 90],
		[4, "C19_2", -355.32, 323.55, "T", "SMD", "3V3", "", "R", 31.11, 21.26, 0, 90],
		[5, "C20_1", 121.74, 29.73, "T", "SMD", "GND", "GND", "R", 31.11, 21.26, 0, 270],
		[6, "C20_2", 121.74, -13.19, "T", "SMD", "X2-8M", "", "R", 31.11, 21.26, 0, 270],
		[7, "C21_1", 119.65, -121.11, "T", "SMD", "GND", "GND", "R", 31.11, 21.26, 0, 90],
		[8, "C21_2", 119.65, -78.19, "T", "SMD", "X1-8M", "", "R", 31.11, 21.26, 0, 90],
		[9, "C22_1", 123.44, -361.46, "T", "SMD", "GND", "GND", "R", 31.11, 21.26, 0, 90],
		[10, "C22_2", 123.44, -318.54, "T", "SMD", "X1-32K", "", "R", 31.11, 21.26, 0, 90],
		[11, "C23_1", 123.44, -198.54, "T", "SMD", "GND", "GND", "R", 31.11, 21.26, 0, 270],
		[12, "C23_2", 123.44, -241.46, "T", "SMD", "X2-32K", "", "R", 31.11, 21.26, 0, 270],
		[13, "C24_1", -200.15, 373.36, "T", "SMD", "GND", "GND", "R", 31.11, 21.26, 0, 180],
		[14, "C24_2", -243.07, 373.36, "T", "SMD", "VCC", "", "R", 31.11, 21.26, 0, 180],
		[15, "C25_1", -407.63, 280.93, "T", "SMD", "GND", "GND", "R", 31.11, 21.26, 0, 90],
		[16, "C25_2", -407.63, 323.85, "T", "SMD", "3V3", "", "R", 31.11, 21.26, 0, 90],
		[17, "C26_1", 120, 186.46, "T", "SMD", "GND", "GND", "R", 31.11, 21.26, 0, 270],
		[18, "C26_2", 120, 143.54, "T", "SMD", "VREF", "", "R", 31.11, 21.26, 0, 270],
		[19, "C27_1", 180, 186.46, "T", "SMD", "GND", "GND", "R", 31.11, 21.26, 0, 270],
		[20, "C27_2", 180, 143.54, "T", "SMD", "VREF", "", "R", 31.11, 21.26, 0, 270],
		[21, "C28_1", -604.06, 224.17, "T", "SMD", "GND", "GND", "R", 31.11, 21.26, 0, 180],
		[22, "C28_2", -646.98, 224.17, "T", "SMD", "3V3", "", "R", 31.11, 21.26, 0, 180],
		[23, "C29_1", -283.45, 199.89, "T", "SMD", "GND", "GND", "R", 31.11, 21.26, 0, 90],
		[24, "C29_2", -283.45, 242.81, "T", "SMD", "3V3", "", "R", 31.11, 21.26, 0, 90],
		[25, "C30_1", -234.67, 198.65, "T", "SMD", "GND", "GND", "R", 31.11, 21.26, 0, 90],
		[26, "C30_2", -234.67, 241.57, "T", "SMD", "3V3", "", "R", 31.11, 21.26, 0, 90],
		[27, "C31_1", -187.74, 198.28, "T", "SMD", "GND", "GND", "R", 31.11, 21.26, 0, 90],
		[28, "C31_2", -187.74, 241.2, "T", "SMD", "3V3", "", "R", 31.11, 21.26, 0, 90],
		[29, "C32_1", -70.33, 123.44, "T", "SMD", "GND", "GND", "R", 31.11, 21.26, 0, 0],
		[30, "C32_2", -27.41, 123.44, "T", "SMD", "3V3", "", "R", 31.11, 21.26, 0, 0],
		[31, "C33_1", -70.81, 176.06, "T", "SMD", "GND", "GND", "R", 31.11, 21.26, 0, 0],
		[32, "C33_2", -27.89, 176.06, "T", "SMD", "3V3", "", "R", 31.11, 21.26, 0, 0],
		[33, "C34_1", 551.46, 100, "T", "SMD", "GND", "GND", "R", 31.11, 21.26, 0, 180],
		[34, "C34_2", 508.54, 100, "T", "SMD", "RST", "", "R", 31.11, 21.26, 0, 180],
		[35, "E1_1", -258.98, 309.34, "T", "SMD", "VCC", "", "R", 39.37, 29.53, 0, 0],
		[36, "E1_2", -166.65, 309.34, "T", "SMD", "GND", "GND", "R", 39.37, 29.53, 0, 0],
		[37, "E2_1", -473.53, 360.21, "T", "SMD", "3V3", "", "R", 39.37, 29.53, 0, 270],
		[38, "E2_2", -473.53, 267.88, "T", "SMD", "GND", "GND", "R", 39.37, 29.53, 0, 270],
		[39, "FPC1_1", -1068.82, -1250.15, "T", "SMD", "3V3", "", "R", 31.5, 70.87, 0, 0],
		[40, "FPC1_2", -1019.61, -1250.15, "T", "SMD", "PA9", "", "R", 31.5, 70.87, 0, 0],
		[41, "FPC1_3", -970.39, -1250.15, "T", "SMD", "PA10", "", "R", 31.5, 70.87, 0, 0],
		[42, "FPC1_4", -921.18, -1250.15, "T", "SMD", "GND", "GND", "R", 31.5, 70.87, 0, 0],
		[43, "FPC1_5", -1169.22, -1349.85, "T", "SMD", "GND", "GND", "R", 70.87, 122.05, 0, 0],
		[44, "FPC1_6", -820.78, -1349.85, "T", "SMD", "GND", "GND", "R", 70.87, 122.05, 0, 0],
		[45, "FPC2_1", 696.18, -622.32, "T", "SMD", "GND", "GND", "R", 11.81, 59.05, 0, 90],
		[46, "FPC2_2", 696.18, -602.64, "T", "SMD", "PD7", "", "R", 11.81, 59.05, 0, 90],
		[47, "FPC2_3", 696.18, -582.95, "T", "SMD", "PB3", "", "R", 11.81, 59.05, 0, 90],
		[48, "FPC2_4", 696.18, -563.27, "T", "SMD", "PD6", "", "R", 11.81, 59.05, 0, 90],
		[49, "FPC2_5", 696.18, -543.58, "T", "SMD", "PA15", "", "R", 11.81, 59.05, 0, 90],
		[50, "FPC2_6", 696.18, -523.9, "T", "SMD", "PB5", "", "R", 11.81, 59.05, 0, 90],
		[51, "FPC2_7", 696.18, -504.21, "T", "SMD", "PB4", "", "R", 11.81, 59.05, 0, 90],
		[52, "FPC2_8", 696.18, -484.53, "T", "SMD", "GND", "GND", "R", 11.81, 59.05, 0, 90],
		[53, "FPC2_9", 696.18, -464.84, "T", "SMD", "3V3", "", "R", 11.81, 59.05, 0, 90],
		[54, "FPC2_10", 696.18, -445.16, "T", "SMD", "3V3", "", "R", 11.81, 59.05, 0, 90],
		[55, "FPC2_11", 696.18, -425.47, "T", "SMD", "K", "", "R", 11.81, 59.05, 0, 90],
		[56, "FPC2_12", 696.18, -405.79, "T", "SMD", "K", "", "R", 11.81, 59.05, 0, 90],
		[57, "FPC2_13", 696.18, -386.1, "T", "SMD", "K", "", "R", 11.81, 59.05, 0, 90],
		[58, "FPC2_14", 696.18, -366.42, "T", "SMD", "K", "", "R", 11.81, 59.05, 0, 90],
		[59, "FPC2_15", 696.18, -346.73, "T", "SMD", "FPC2_15", "", "R", 11.81, 59.05, 0, 90],
		[60, "FPC2_16", 696.18, -327.04, "T", "SMD", "FPC2_16", "", "R", 11.81, 59.05, 0, 90],
		[61, "FPC2_17", 696.18, -307.36, "T", "SMD", "FPC2_17", "", "R", 11.81, 59.05, 0, 90],
		[62, "FPC2_18", 696.18, -287.68, "T", "SMD", "FPC2_18", "", "R", 11.81, 59.05, 0, 90],
		[63, "FPC2_19", 593.82, -218.78, "T", "SMD", "GND", "GND", "R", 78.74, 59.05, 0, 90],
		[64, "FPC2_20", 593.82, -691.22, "T", "SMD", "GND", "GND", "R", 78.74, 59.05, 0, 90],
		[65, "FPC3_1", -359.31, -680.79, "T", "SMD", "3V3", "", "R", 11.81, 49.21, 0, 270],
		[66, "FPC3_2", -359.31, -700.47, "T", "SMD", "PB7", "", "R", 11.81, 49.21, 0, 270],
		[67, "FPC3_3", -359.31, -720.16, "T", "SMD", "PB6", "", "R", 11.81, 49.21, 0, 270],
		[68, "FPC3_4", -359.31, -739.84, "T", "SMD", "PE4", "", "R", 11.81, 49.21, 0, 270],
		[69, "FPC3_5", -359.31, -759.53, "T", "SMD", "PE5", "", "R", 11.81, 49.21, 0, 270],
		[70, "FPC3_6", -359.31, -779.21, "T", "SMD", "GND", "GND", "R", 11.81, 49.21, 0, 270],
		[71, "FPC3_7", -460.69, -845.75, "T", "SMD", "GND", "GND", "R", 78.74, 98.42, 0, 270],
		[72, "FPC3_8", -460.69, -614.25, "T", "SMD", "GND", "GND", "R", 78.74, 98.42, 0, 270],
		[73, "FPC4_1", -503.82, -1245.15, "T", "SMD", "3V3", "", "R", 31.5, 70.87, 0, 0],
		[74, "FPC4_2", -454.6, -1245.15, "T", "SMD", "PA13", "", "R", 31.5, 70.87, 0, 0],
		[75, "FPC4_3", -405.4, -1245.15, "T", "SMD", "PA14", "", "R", 31.5, 70.87, 0, 0],
		[76, "FPC4_4", -356.19, -1245.15, "T", "SMD", "GND", "GND", "R", 31.5, 70.87, 0, 0],
		[77, "FPC4_5", -604.22, -1344.85, "T", "SMD", "GND", "GND", "R", 70.87, 122.05, 0, 0],
		[78, "FPC4_6", -255.78, -1344.85, "T", "SMD", "GND", "GND", "R", 70.87, 122.05, 0, 0],
		[79, "L1_1", 55, 197.55, "T", "SMD", "3V3", "", "R", 31.5, 34.02, 0, 90],
		[80, "L1_2", 55, 142.44, "T", "SMD", "VREF", "", "R", 31.5, 34.02, 0, 90],
		[81, "LED1_1", 358.5, 255.4, "T", "SMD", "GND", "GND", "R", 31.5, 31.5, 0, 270],
		[82, "LED1_2", 295.5, 255.2, "T", "SMD", "$1N2763", "", "R", 31.5, 31.5, 0, 270],
		[83, "LED2_1", 363.5, 160.4, "T", "SMD", "PC0", "", "R", 31.5, 31.5, 0, 270],
		[84, "LED2_2", 300.5, 160.2, "T", "SMD", "$1N2765", "", "R", 31.5, 31.5, 0, 270],
		[85, "NC1_1", 982.04, -265, "T", "SMD", "3V3", "", "R", 22.27, 21.26, 0, 180],
		[86, "NC1_2", 947.96, -265, "T", "SMD", "$1N3601", "", "R", 22.27, 21.26, 0, 180],
		[87, "Q3_1", 873.63, -352.4, "T", "SMD", "$1N3601", "", "R", 42.13, 23.62, 0, 0],
		[88, "Q3_2", 873.63, -277.6, "T", "SMD", "GND", "GND", "R", 42.13, 23.62, 0, 0],
		[89, "Q3_3", 776.37, -315, "T", "SMD", "$1N3606", "", "R", 42.13, 23.62, 0, 0],
		[90, "R11_1", -230, -732.04, "T", "SMD", "PB7", "", "R", 22.27, 21.26, 0, 90],
		[91, "R11_2", -230, -697.96, "T", "SMD", "3V3", "", "R", 22.27, 21.26, 0, 90],
		[92, "R12_1", -955, 57.96, "T", "SMD", "GND", "GND", "R", 22.27, 21.26, 0, 90],
		[93, "R12_2", -955, 92.04, "T", "SMD", "$1N2567", "", "R", 22.27, 21.26, 0, 90],
		[94, "R13_1", -1125, 87.04, "T", "SMD", "$1N2566", "", "R", 22.27, 21.26, 0, 270],
		[95, "R13_2", -1125, 52.96, "T", "SMD", "GND", "GND", "R", 22.27, 21.26, 0, 270],
		[96, "R14_1", -900, 92.04, "T", "SMD", "DP", "", "R", 22.27, 21.26, 0, 270],
		[97, "R14_2", -900, 57.96, "T", "SMD", "3V3", "", "R", 22.27, 21.26, 0, 270],
		[98, "R15_1", 854.66, -420, "T", "SMD", "$1N3606", "", "R", 31.75, 34.02, 0, 180],
		[99, "R15_2", 795.34, -420, "T", "SMD", "K", "", "R", 31.75, 34.02, 0, 180],
		[100, "R16_1", 235, 147.96, "T", "SMD", "$1N2765", "", "R", 22.27, 21.26, 0, 90],
		[101, "R16_2", 235, 182.04, "T", "SMD", "3V3", "", "R", 22.27, 21.26, 0, 90],
		[102, "R17_1", 232.04, 255, "T", "SMD", "$1N2763", "", "R", 22.27, 21.26, 0, 180],
		[103, "R17_2", 197.96, 255, "T", "SMD", "3V3", "", "R", 22.27, 21.26, 0, 180],
		[104, "R18_1", 412.96, 100, "T", "SMD", "RST", "", "R", 22.27, 21.26, 0, 0],
		[105, "R18_2", 447.04, 100, "T", "SMD", "3V3", "", "R", 22.27, 21.26, 0, 0],
		[106, "R19_1", -1010, 87.04, "T", "SMD", "DN", "", "R", 22.27, 21.26, 0, 270],
		[107, "R19_2", -1010, 52.96, "T", "SMD", "D-", "", "R", 22.27, 21.26, 0, 270],
		[108, "R20_1", -1065, 87.04, "T", "SMD", "DP", "", "R", 22.27, 21.26, 0, 270],
		[109, "R20_2", -1065, 52.96, "T", "SMD", "D+", "", "R", 22.27, 21.26, 0, 270],
		[110, "R21_1", -127.96, -575, "T", "SMD", "BOOT0", "", "R", 22.27, 21.26, 0, 180],
		[111, "R21_2", -162.04, -575, "T", "SMD", "3V3", "", "R", 22.27, 21.26, 0, 180],
		[112, "R22_1", -130, -697.96, "T", "SMD", "3V3", "", "R", 22.27, 21.26, 0, 270],
		[113, "R22_2", -130, -732.04, "T", "SMD", "BOOT1", "", "R", 22.27, 21.26, 0, 270],
		[114, "R23_1", 982.04, -320, "T", "SMD", "GND", "GND", "R", 22.27, 21.26, 0, 180],
		[115, "R23_2", 947.96, -320, "T", "SMD", "$1N3601", "", "R", 22.27, 21.26, 0, 180],
		[116, "R24_1", -180, -732.04, "T", "SMD", "PB6", "", "R", 22.27, 21.26, 0, 90],
		[117, "R24_2", -180, -697.96, "T", "SMD", "3V3", "", "R", 22.27, 21.26, 0, 90],
		[118, "R25_1", 983.32, -371.1, "T", "SMD", "LED", "", "R", 22.27, 21.26, 0, 180],
		[119, "R25_2", 949.24, -371.1, "T", "SMD", "$1N3601", "", "R", 22.27, 21.26, 0, 180],
		[120, "R27_1", -457.96, -1135, "T", "SMD", "PA13", "", "R", 22.27, 21.26, 0, 180],
		[121, "R27_2", -492.04, -1135, "T", "SMD", "3V3", "", "R", 22.27, 21.26, 0, 180],
		[122, "R28_1", -367.96, -1135, "T", "SMD", "GND", "GND", "R", 22.27, 21.26, 0, 180],
		[123, "R28_2", -402.04, -1135, "T", "SMD", "PA14", "", "R", 22.27, 21.26, 0, 180],
		[124, "Reset_1", 546.02, -30, "T", "SMD", "GND", "GND", "R", 48.42, 53.54, 0, 180],
		[125, "Reset_2", 373.98, -30, "T", "SMD", "RST", "", "R", 48.42, 53.54, 0, 180],
		[126, "SW4_1", -60, -620, "T", "SMD", "BOOT0", "", "R", 60, 30, 0, 180],
		[127, "SW4_2", -60, -670, "T", "SMD", "BOOT1", "", "R", 60, 30, 0, 180],
		[128, "SW4_3", 240, -670, "T", "SMD", "GND", "GND", "R", 60, 30, 0, 180],
		[129, "SW4_4", 240, -620, "T", "SMD", "GND", "GND", "R", 60, 30, 0, 180],
		[130, "U1_1", -82.76, -411.22, "T", "SMD", "PE2", "", "O", 11.81, 62.99, 0, 90],
		[131, "U1_2", -82.76, -391.54, "T", "SMD", "PE3", "", "O", 11.81, 62.99, 0, 90],
		[132, "U1_3", -82.76, -371.85, "T", "SMD", "PE4", "", "O", 11.81, 62.99, 0, 90],
		[133, "U1_4", -82.76, -352.17, "T", "SMD", "PE5", "", "O", 11.81, 62.99, 0, 90],
		[134, "U1_5", -82.76, -332.48, "T", "SMD", "PE6", "", "O", 11.81, 62.99, 0, 90],
		[135, "U1_6", -82.76, -312.8, "T", "SMD", "3V3", "", "O", 11.81, 62.99, 0, 90],
		[136, "U1_7", -82.76, -293.11, "T", "SMD", "PC13", "", "O", 11.81, 62.99, 0, 90],
		[137, "U1_8", -82.76, -273.43, "T", "SMD", "X1-32K", "", "O", 11.81, 62.99, 0, 90],
		[138, "U1_9", -82.76, -253.74, "T", "SMD", "X2-32K", "", "O", 11.81, 62.99, 0, 90],
		[139, "U1_10", -82.76, -234.06, "T", "SMD", "GND", "GND", "O", 11.81, 62.99, 0, 90],
		[140, "U1_11", -82.76, -214.37, "T", "SMD", "3V3", "", "O", 11.81, 62.99, 0, 90],
		[141, "U1_12", -82.76, -194.68, "T", "SMD", "X1-8M", "", "O", 11.81, 62.99, 0, 90],
		[142, "U1_13", -82.76, -175, "T", "SMD", "X2-8M", "", "O", 11.81, 62.99, 0, 90],
		[143, "U1_14", -82.76, -155.31, "T", "SMD", "RST", "", "O", 11.81, 62.99, 0, 90],
		[144, "U1_15", -82.76, -135.63, "T", "SMD", "PC0", "", "O", 11.81, 62.99, 0, 90],
		[145, "U1_16", -82.76, -115.94, "T", "SMD", "PC1", "", "O", 11.81, 62.99, 0, 90],
		[146, "U1_17", -82.76, -96.26, "T", "SMD", "PC2", "", "O", 11.81, 62.99, 0, 90],
		[147, "U1_18", -82.76, -76.57, "T", "SMD", "PC3", "", "O", 11.81, 62.99, 0, 90],
		[148, "U1_19", -82.76, -56.89, "T", "SMD", "GND", "GND", "O", 11.81, 62.99, 0, 90],
		[149, "U1_20", -82.76, -37.2, "T", "SMD", "GND", "GND", "O", 11.81, 62.99, 0, 90],
		[150, "U1_21", -82.76, -17.52, "T", "SMD", "VREF", "", "O", 11.81, 62.99, 0, 90],
		[151, "U1_22", -82.76, 2.17, "T", "SMD", "VREF", "", "O", 11.81, 62.99, 0, 90],
		[152, "U1_23", -82.76, 21.85, "T", "SMD", "A0", "", "O", 11.81, 62.99, 0, 90],
		[153, "U1_24", -82.76, 41.54, "T", "SMD", "A1", "", "O", 11.81, 62.99, 0, 90],
		[154, "U1_25", -82.76, 61.22, "T", "SMD", "A2", "", "O", 11.81, 62.99, 0, 90],
		[155, "U1_26", -143.78, 122.24, "T", "SMD", "A3", "", "O", 62.99, 11.81, 0, 90],
		[156, "U1_27", -163.46, 122.24, "T", "SMD", "GND", "GND", "O", 62.99, 11.81, 0, 90],
		[157, "U1_28", -183.15, 122.24, "T", "SMD", "3V3", "", "O", 62.99, 11.81, 0, 90],
		[158, "U1_29", -202.83, 122.24, "T", "SMD", "A4", "", "O", 62.99, 11.81, 0, 90],
		[159, "U1_30", -222.52, 122.24, "T", "SMD", "A5", "", "O", 62.99, 11.81, 0, 90],
		[160, "U1_31", -242.2, 122.24, "T", "SMD", "PA6", "", "O", 62.99, 11.81, 0, 90],
		[161, "U1_32", -261.89, 122.24, "T", "SMD", "PA7", "", "O", 62.99, 11.81, 0, 90],
		[162, "U1_33", -281.57, 122.24, "T", "SMD", "PC4", "", "O", 62.99, 11.81, 0, 90],
		[163, "U1_34", -301.26, 122.24, "T", "SMD", "PC5", "", "O", 62.99, 11.81, 0, 90],
		[164, "U1_35", -320.94, 122.24, "T", "SMD", "PB0", "", "O", 62.99, 11.81, 0, 90],
		[165, "U1_36", -340.63, 122.24, "T", "SMD", "PB1", "", "O", 62.99, 11.81, 0, 90],
		[166, "U1_37", -360.32, 122.24, "T", "SMD", "BOOT1", "", "O", 62.99, 11.81, 0, 90],
		[167, "U1_38", -380, 122.24, "T", "SMD", "PE7", "", "O", 62.99, 11.81, 0, 90],
		[168, "U1_39", -399.69, 122.24, "T", "SMD", "PE8", "", "O", 62.99, 11.81, 0, 90],
		[169, "U1_40", -419.37, 122.24, "T", "SMD", "PE9", "", "O", 62.99, 11.81, 0, 90],
		[170, "U1_41", -439.06, 122.24, "T", "SMD", "PE10", "", "O", 62.99, 11.81, 0, 90],
		[171, "U1_42", -458.74, 122.24, "T", "SMD", "PE11", "", "O", 62.99, 11.81, 0, 90],
		[172, "U1_43", -478.43, 122.24, "T", "SMD", "PE12", "", "O", 62.99, 11.81, 0, 90],
		[173, "U1_44", -498.11, 122.24, "T", "SMD", "PE13", "", "O", 62.99, 11.81, 0, 90],
		[174, "U1_45", -517.8, 122.24, "T", "SMD", "PE14", "", "O", 62.99, 11.81, 0, 90],
		[175, "U1_46", -537.48, 122.24, "T", "SMD", "PE15", "", "O", 62.99, 11.81, 0, 90],
		[176, "U1_47", -557.17, 122.24, "T", "SMD", "D2", "", "O", 62.99, 11.81, 0, 90],
		[177, "U1_48", -576.85, 122.24, "T", "SMD", "D3", "", "O", 62.99, 11.81, 0, 90],
		[178, "U1_49", -596.54, 122.24, "T", "SMD", "GND", "GND", "O", 62.99, 11.81, 0, 90],
		[179, "U1_50", -616.22, 122.24, "T", "SMD", "3V3", "", "O", 62.99, 11.81, 0, 90],
		[180, "U1_51", -677.24, 61.22, "T", "SMD", "D4", "", "O", 11.81, 62.99, 0, 90],
		[181, "U1_52", -677.24, 41.54, "T", "SMD", "D5", "", "O", 11.81, 62.99, 0, 90],
		[182, "U1_53", -677.24, 21.85, "T", "SMD", "D6", "", "O", 11.81, 62.99, 0, 90],
		[183, "U1_54", -677.24, 2.17, "T", "SMD", "D7", "", "O", 11.81, 62.99, 0, 90],
		[184, "U1_55", -677.24, -17.52, "T", "SMD", "PD8", "", "O", 11.81, 62.99, 0, 90],
		[185, "U1_56", -677.24, -37.2, "T", "SMD", "PD9", "", "O", 11.81, 62.99, 0, 90],
		[186, "U1_57", -677.24, -56.89, "T", "SMD", "PD10", "", "O", 11.81, 62.99, 0, 90],
		[187, "U1_58", -677.24, -76.57, "T", "SMD", "PD11", "", "O", 11.81, 62.99, 0, 90],
		[188, "U1_59", -677.24, -96.26, "T", "SMD", "OSK", "", "O", 11.81, 62.99, 0, 90],
		[189, "U1_60", -677.24, -115.94, "T", "SMD", "FD", "", "O", 11.81, 62.99, 0, 90],
		[190, "U1_61", -677.24, -135.63, "T", "SMD", "PD14", "", "O", 11.81, 62.99, 0, 90],
		[191, "U1_62", -677.24, -155.31, "T", "SMD", "LED", "", "O", 11.81, 62.99, 0, 90],
		[192, "U1_63", -677.24, -175, "T", "SMD", "PC6", "", "O", 11.81, 62.99, 0, 90],
		[193, "U1_64", -677.24, -194.68, "T", "SMD", "PC7", "", "O", 11.81, 62.99, 0, 90],
		[194, "U1_65", -677.24, -214.37, "T", "SMD", "PC8", "", "O", 11.81, 62.99, 0, 90],
		[195, "U1_66", -677.24, -234.06, "T", "SMD", "PC9", "", "O", 11.81, 62.99, 0, 90],
		[196, "U1_67", -677.24, -253.74, "T", "SMD", "PA8", "", "O", 11.81, 62.99, 0, 90],
		[197, "U1_68", -677.24, -273.43, "T", "SMD", "PA9", "", "O", 11.81, 62.99, 0, 90],
		[198, "U1_69", -677.24, -293.11, "T", "SMD", "PA10", "", "O", 11.81, 62.99, 0, 90],
		[199, "U1_70", -677.24, -312.8, "T", "SMD", "D-", "", "O", 11.81, 62.99, 0, 90],
		[200, "U1_71", -677.24, -332.48, "T", "SMD", "D+", "", "O", 11.81, 62.99, 0, 90],
		[201, "U1_72", -677.24, -352.17, "T", "SMD", "PA13", "", "O", 11.81, 62.99, 0, 90],
		[202, "U1_73", -677.24, -371.85, "T", "SMD", "U1_73", "", "O", 11.81, 62.99, 0, 90],
		[203, "U1_74", -677.24, -391.54, "T", "SMD", "GND", "GND", "O", 11.81, 62.99, 0, 90],
		[204, "U1_75", -677.24, -411.22, "T", "SMD", "3V3", "", "O", 11.81, 62.99, 0, 90],
		[205, "U1_76", -616.22, -472.24, "T", "SMD", "PA14", "", "O", 62.99, 11.81, 0, 90],
		[206, "U1_77", -596.54, -472.24, "T", "SMD", "PA15", "", "O", 62.99, 11.81, 0, 90],
		[207, "U1_78", -576.85, -472.24, "T", "SMD", "PC10", "", "O", 62.99, 11.81, 0, 90],
		[208, "U1_79", -557.17, -472.24, "T", "SMD", "PC11", "", "O", 62.99, 11.81, 0, 90],
		[209, "U1_80", -537.48, -472.24, "T", "SMD", "PC12", "", "O", 62.99, 11.81, 0, 90],
		[210, "U1_81", -517.8, -472.24, "T", "SMD", "PD0", "", "O", 62.99, 11.81, 0, 90],
		[211, "U1_82", -498.11, -472.24, "T", "SMD", "PD1", "", "O", 62.99, 11.81, 0, 90],
		[212, "U1_83", -478.43, -472.24, "T", "SMD", "PD2", "", "O", 62.99, 11.81, 0, 90],
		[213, "U1_84", -458.74, -472.24, "T", "SMD", "PD3", "", "O", 62.99, 11.81, 0, 90],
		[214, "U1_85", -439.06, -472.24, "T", "SMD", "PD4", "", "O", 62.99, 11.81, 0, 90],
		[215, "U1_86", -419.37, -472.24, "T", "SMD", "PD5", "", "O", 62.99, 11.81, 0, 90],
		[216, "U1_87", -399.69, -472.24, "T", "SMD", "PD6", "", "O", 62.99, 11.81, 0, 90],
		[217, "U1_88", -380, -472.24, "T", "SMD", "PD7", "", "O", 62.99, 11.81, 0, 90],
		[218, "U1_89", -360.32, -472.24, "T", "SMD", "PB3", "", "O", 62.99, 11.81, 0, 90],
		[219, "U1_90", -340.63, -472.24, "T", "SMD", "PB4", "", "O", 62.99, 11.81, 0, 90],
		[220, "U1_91", -320.94, -472.24, "T", "SMD", "PB5", "", "O", 62.99, 11.81, 0, 90],
		[221, "U1_92", -301.26, -472.24, "T", "SMD", "PB6", "", "O", 62.99, 11.81, 0, 90],
		[222, "U1_93", -281.57, -472.24, "T", "SMD", "PB7", "", "O", 62.99, 11.81, 0, 90],
		[223, "U1_94", -261.89, -472.24, "T", "SMD", "BOOT0", "", "O", 62.99, 11.81, 0, 90],
		[224, "U1_95", -242.2, -472.24, "T", "SMD", "D0", "", "O", 62.99, 11.81, 0, 90],
		[225, "U1_96", -222.52, -472.24, "T", "SMD", "D1", "", "O", 62.99, 11.81, 0, 90],
		[226, "U1_97", -202.83, -472.24, "T", "SMD", "PE0", "", "O", 62.99, 11.81, 0, 90],
		[227, "U1_98", -183.15, -472.24, "T", "SMD", "PE1", "", "O", 62.99, 11.81, 0, 90],
		[228, "U1_99", -163.46, -472.24, "T", "SMD", "GND", "GND", "O", 62.99, 11.81, 0, 90],
		[229, "U1_100", -143.78, -472.24, "T", "SMD", "3V3", "", "O", 62.99, 11.81, 0, 90],
		[230, "U2_1", -556.61, 295.94, "T", "SMD", "GND", "GND", "R", 62.01, 26.46, 0, 0],
		[231, "U2_2", -663.39, 355, "T", "SMD", "3V3", "", "P", 211.69, 74.8, 0, 0],
		[232, "U2_3", -556.61, 414.06, "T", "SMD", "VCC", "", "R", 62.01, 26.46, 0, 0],
		[233, "U15_1", -1450, 130, "T", "DIP", "VCC", "", "R", 66.93, 66.93, 43.31, 270],
		[234, "U15_1", -1450, 130, "B", "DIP", "VCC", "", "R", 66.93, 66.93, 43.31, 270],
		[235, "U15_2", -1350, 130, "T", "DIP", "VCC", "", "C", 66.93, 66.93, 43.31, 270],
		[236, "U15_2", -1350, 130, "B", "DIP", "VCC", "", "C", 66.93, 66.93, 43.31, 270],
		[237, "U15_3", -1450, 30, "T", "DIP", "GND", "GND", "C", 66.93, 66.93, 43.31, 270],
		[238, "U15_3", -1450, 30, "B", "DIP", "GND", "GND", "C", 66.93, 66.93, 43.31, 270],
		[239, "U15_4", -1350, 30, "T", "DIP", "GND", "GND", "C", 66.93, 66.93, 43.31, 270],
		[240, "U15_4", -1350, 30, "B", "DIP", "GND", "GND", "C", 66.93, 66.93, 43.31, 270],
		[241, "U15_5", -1450, -70, "T", "DIP", "PC11", "", "C", 66.93, 66.93, 43.31, 270],
		[242, "U15_5", -1450, -70, "B", "DIP", "PC11", "", "C", 66.93, 66.93, 43.31, 270],
		[243, "U15_6", -1350, -70, "T", "DIP", "PC12", "", "C", 66.93, 66.93, 43.31, 270],
		[244, "U15_6", -1350, -70, "B", "DIP", "PC12", "", "C", 66.93, 66.93, 43.31, 270],
		[245, "U15_7", -1450, -170, "T", "DIP", "D6", "", "C", 66.93, 66.93, 43.31, 270],
		[246, "U15_7", -1450, -170, "B", "DIP", "D6", "", "C", 66.93, 66.93, 43.31, 270],
		[247, "U15_8", -1350, -170, "T", "DIP", "D7", "", "C", 66.93, 66.93, 43.31, 270],
		[248, "U15_8", -1350, -170, "B", "DIP", "D7", "", "C", 66.93, 66.93, 43.31, 270],
		[249, "U15_9", -1450, -270, "T", "DIP", "D4", "", "C", 66.93, 66.93, 43.31, 270],
		[250, "U15_9", -1450, -270, "B", "DIP", "D4", "", "C", 66.93, 66.93, 43.31, 270],
		[251, "U15_10", -1350, -270, "T", "DIP", "D5", "", "C", 66.93, 66.93, 43.31, 270],
		[252, "U15_10", -1350, -270, "B", "DIP", "D5", "", "C", 66.93, 66.93, 43.31, 270],
		[253, "U15_11", -1450, -370, "T", "DIP", "D2", "", "C", 66.93, 66.93, 43.31, 270],
		[254, "U15_11", -1450, -370, "B", "DIP", "D2", "", "C", 66.93, 66.93, 43.31, 270],
		[255, "U15_12", -1350, -370, "T", "DIP", "D3", "", "C", 66.93, 66.93, 43.31, 270],
		[256, "U15_12", -1350, -370, "B", "DIP", "D3", "", "C", 66.93, 66.93, 43.31, 270],
		[257, "U15_13", -1450, -470, "T", "DIP", "D0", "", "C", 66.93, 66.93, 43.31, 270],
		[258, "U15_13", -1450, -470, "B", "DIP", "D0", "", "C", 66.93, 66.93, 43.31, 270],
		[259, "U15_14", -1350, -470, "T", "DIP", "D1", "", "C", 66.93, 66.93, 43.31, 270],
		[260, "U15_14", -1350, -470, "B", "DIP", "D1", "", "C", 66.93, 66.93, 43.31, 270],
		[261, "U15_15", -1450, -570, "T", "DIP", "A4", "", "C", 66.93, 66.93, 43.31, 270],
		[262, "U15_15", -1450, -570, "B", "DIP", "A4", "", "C", 66.93, 66.93, 43.31, 270],
		[263, "U15_16", -1350, -570, "T", "DIP", "A5", "", "C", 66.93, 66.93, 43.31, 270],
		[264, "U15_16", -1350, -570, "B", "DIP", "A5", "", "C", 66.93, 66.93, 43.31, 270],
		[265, "U15_17", -1450, -670, "T", "DIP", "A2", "", "C", 66.93, 66.93, 43.31, 270],
		[266, "U15_17", -1450, -670, "B", "DIP", "A2", "", "C", 66.93, 66.93, 43.31, 270],
		[267, "U15_18", -1350, -670, "T", "DIP", "A3", "", "C", 66.93, 66.93, 43.31, 270],
		[268, "U15_18", -1350, -670, "B", "DIP", "A3", "", "C", 66.93, 66.93, 43.31, 270],
		[269, "U15_19", -1450, -770, "T", "DIP", "A0", "", "C", 66.93, 66.93, 43.31, 270],
		[270, "U15_19", -1450, -770, "B", "DIP", "A0", "", "C", 66.93, 66.93, 43.31, 270],
		[271, "U15_20", -1350, -770, "T", "DIP", "A1", "", "C", 66.93, 66.93, 43.31, 270],
		[272, "U15_20", -1350, -770, "B", "DIP", "A1", "", "C", 66.93, 66.93, 43.31, 270],
		[273, "U15_21", -1450, -870, "T", "DIP", "OSK", "", "C", 66.93, 66.93, 43.31, 270],
		[274, "U15_21", -1450, -870, "B", "DIP", "OSK", "", "C", 66.93, 66.93, 43.31, 270],
		[275, "U15_22", -1350, -870, "T", "DIP", "PC10", "", "C", 66.93, 66.93, 43.31, 270],
		[276, "U15_22", -1350, -870, "B", "DIP", "PC10", "", "C", 66.93, 66.93, 43.31, 270],
		[277, "U15_23", -1450, -970, "T", "DIP", "PC9", "", "C", 66.93, 66.93, 43.31, 270],
		[278, "U15_23", -1450, -970, "B", "DIP", "PC9", "", "C", 66.93, 66.93, 43.31, 270],
		[279, "U15_24", -1350, -970, "T", "DIP", "FD", "", "C", 66.93, 66.93, 43.31, 270],
		[280, "U15_24", -1350, -970, "B", "DIP", "FD", "", "C", 66.93, 66.93, 43.31, 270],
		[281, "U15_25", -1450, -1070, "T", "DIP", "U15_25", "", "C", 66.93, 66.93, 43.31, 270],
		[282, "U15_25", -1450, -1070, "B", "DIP", "U15_25", "", "C", 66.93, 66.93, 43.31, 270],
		[283, "U15_26", -1350, -1070, "T", "DIP", "PC8", "", "C", 66.93, 66.93, 43.31, 270],
		[284, "U15_26", -1350, -1070, "B", "DIP", "PC8", "", "C", 66.93, 66.93, 43.31, 270],
		[285, "U16_1", -1477.64, -1269.75, "T", "DIP", "GND", "GND", "C", 236.22, 236.22, 130, 0],
		[286, "U16_1", -1477.64, -1269.75, "B", "DIP", "GND", "GND", "C", 236.22, 236.22, 130, 0],
		[287, "U16_1", -1477.64, -1177.25, "T", "DIP", "GND", "GND", "C", 39.37, 39.37, 19.69, 0],
		[288, "U16_1", -1477.64, -1177.25, "B", "DIP", "GND", "GND", "C", 39.37, 39.37, 19.69, 0],
		[289, "U16_1", -1477.64, -1362.25, "T", "DIP", "GND", "GND", "C", 39.37, 39.37, 19.69, 0],
		[290, "U16_1", -1477.64, -1362.25, "B", "DIP", "GND", "GND", "C", 39.37, 39.37, 19.69, 0],
		[291, "U16_1", -1385.14, -1269.75, "T", "DIP", "GND", "GND", "C", 39.37, 39.37, 19.69, 0],
		[292, "U16_1", -1385.14, -1269.75, "B", "DIP", "GND", "GND", "C", 39.37, 39.37, 19.69, 0],
		[293, "U16_1", -1570.14, -1269.75, "T", "DIP", "GND", "GND", "C", 39.37, 39.37, 19.69, 0],
		[294, "U16_1", -1570.14, -1269.75, "B", "DIP", "GND", "GND", "C", 39.37, 39.37, 19.69, 0],
		[295, "U16_1", -1412.64, -1204.75, "T", "DIP", "GND", "GND", "C", 39.37, 39.37, 19.69, 0],
		[296, "U16_1", -1412.64, -1204.75, "B", "DIP", "GND", "GND", "C", 39.37, 39.37, 19.69, 0],
		[297, "U16_1", -1542.64, -1334.75, "T", "DIP", "GND", "GND", "C", 39.37, 39.37, 19.69, 0],
		[298, "U16_1", -1542.64, -1334.75, "B", "DIP", "GND", "GND", "C", 39.37, 39.37, 19.69, 0],
		[299, "U16_1", -1412.64, -1334.75, "T", "DIP", "GND", "GND", "C", 39.37, 39.37, 19.69, 0],
		[300, "U16_1", -1412.64, -1334.75, "B", "DIP", "GND", "GND", "C", 39.37, 39.37, 19.69, 0],
		[301, "U16_1", -1542.64, -1204.75, "T", "DIP", "GND", "GND", "C", 39.37, 39.37, 19.69, 0],
		[302, "U16_1", -1542.64, -1204.75, "B", "DIP", "GND", "GND", "C", 39.37, 39.37, 19.69, 0],
		[303, "U17_1", -1477.92, 335.25, "T", "DIP", "GND", "GND", "C", 236.22, 236.22, 130, 0],
		[304, "U17_1", -1477.92, 335.25, "B", "DIP", "GND", "GND", "C", 236.22, 236.22, 130, 0],
		[305, "U17_1", -1477.92, 427.75, "T", "DIP", "GND", "GND", "C", 39.37, 39.37, 19.69, 0],
		[306, "U17_1", -1477.92, 427.75, "B", "DIP", "GND", "GND", "C", 39.37, 39.37, 19.69, 0],
		[307, "U17_1", -1477.92, 242.75, "T", "DIP", "GND", "GND", "C", 39.37, 39.37, 19.69, 0],
		[308, "U17_1", -1477.92, 242.75, "B", "DIP", "GND", "GND", "C", 39.37, 39.37, 19.69, 0],
		[309, "U17_1", -1385.42, 335.25, "T", "DIP", "GND", "GND", "C", 39.37, 39.37, 19.69, 0],
		[310, "U17_1", -1385.42, 335.25, "B", "DIP", "GND", "GND", "C", 39.37, 39.37, 19.69, 0],
		[311, "U17_1", -1570.42, 335.25, "T", "DIP", "GND", "GND", "C", 39.37, 39.37, 19.69, 0],
		[312, "U17_1", -1570.42, 335.25, "B", "DIP", "GND", "GND", "C", 39.37, 39.37, 19.69, 0],
		[313, "U17_1", -1412.92, 400.25, "T", "DIP", "GND", "GND", "C", 39.37, 39.37, 19.69, 0],
		[314, "U17_1", -1412.92, 400.25, "B", "DIP", "GND", "GND", "C", 39.37, 39.37, 19.69, 0],
		[315, "U17_1", -1542.92, 270.25, "T", "DIP", "GND", "GND", "C", 39.37, 39.37, 19.69, 0],
		[316, "U17_1", -1542.92, 270.25, "B", "DIP", "GND", "GND", "C", 39.37, 39.37, 19.69, 0],
		[317, "U17_1", -1412.92, 270.25, "T", "DIP", "GND", "GND", "C", 39.37, 39.37, 19.69, 0],
		[318, "U17_1", -1412.92, 270.25, "B", "DIP", "GND", "GND", "C", 39.37, 39.37, 19.69, 0],
		[319, "U17_1", -1542.92, 400.25, "T", "DIP", "GND", "GND", "C", 39.37, 39.37, 19.69, 0],
		[320, "U17_1", -1542.92, 400.25, "B", "DIP", "GND", "GND", "C", 39.37, 39.37, 19.69, 0],
		[321, "U18_1", 725.36, -1274.75, "T", "DIP", "GND", "GND", "C", 236.22, 236.22, 130, 0],
		[322, "U18_1", 725.36, -1274.75, "B", "DIP", "GND", "GND", "C", 236.22, 236.22, 130, 0],
		[323, "U18_1", 725.36, -1182.25, "T", "DIP", "GND", "GND", "C", 39.37, 39.37, 19.69, 0],
		[324, "U18_1", 725.36, -1182.25, "B", "DIP", "GND", "GND", "C", 39.37, 39.37, 19.69, 0],
		[325, "U18_1", 725.36, -1367.25, "T", "DIP", "GND", "GND", "C", 39.37, 39.37, 19.69, 0],
		[326, "U18_1", 725.36, -1367.25, "B", "DIP", "GND", "GND", "C", 39.37, 39.37, 19.69, 0],
		[327, "U18_1", 817.86, -1274.75, "T", "DIP", "GND", "GND", "C", 39.37, 39.37, 19.69, 0],
		[328, "U18_1", 817.86, -1274.75, "B", "DIP", "GND", "GND", "C", 39.37, 39.37, 19.69, 0],
		[329, "U18_1", 632.86, -1274.75, "T", "DIP", "GND", "GND", "C", 39.37, 39.37, 19.69, 0],
		[330, "U18_1", 632.86, -1274.75, "B", "DIP", "GND", "GND", "C", 39.37, 39.37, 19.69, 0],
		[331, "U18_1", 790.36, -1209.75, "T", "DIP", "GND", "GND", "C", 39.37, 39.37, 19.69, 0],
		[332, "U18_1", 790.36, -1209.75, "B", "DIP", "GND", "GND", "C", 39.37, 39.37, 19.69, 0],
		[333, "U18_1", 660.36, -1339.75, "T", "DIP", "GND", "GND", "C", 39.37, 39.37, 19.69, 0],
		[334, "U18_1", 660.36, -1339.75, "B", "DIP", "GND", "GND", "C", 39.37, 39.37, 19.69, 0],
		[335, "U18_1", 790.36, -1339.75, "T", "DIP", "GND", "GND", "C", 39.37, 39.37, 19.69, 0],
		[336, "U18_1", 790.36, -1339.75, "B", "DIP", "GND", "GND", "C", 39.37, 39.37, 19.69, 0],
		[337, "U18_1", 660.36, -1209.75, "T", "DIP", "GND", "GND", "C", 39.37, 39.37, 19.69, 0],
		[338, "U18_1", 660.36, -1209.75, "B", "DIP", "GND", "GND", "C", 39.37, 39.37, 19.69, 0],
		[339, "U19_1", 731.81, 335.25, "T", "DIP", "GND", "GND", "C", 236.22, 236.22, 130, 0],
		[340, "U19_1", 731.81, 335.25, "B", "DIP", "GND", "GND", "C", 236.22, 236.22, 130, 0],
		[341, "U19_1", 731.81, 427.75, "T", "DIP", "GND", "GND", "C", 39.37, 39.37, 19.69, 0],
		[342, "U19_1", 731.81, 427.75, "B", "DIP", "GND", "GND", "C", 39.37, 39.37, 19.69, 0],
		[343, "U19_1", 731.81, 242.75, "T", "DIP", "GND", "GND", "C", 39.37, 39.37, 19.69, 0],
		[344, "U19_1", 731.81, 242.75, "B", "DIP", "GND", "GND", "C", 39.37, 39.37, 19.69, 0],
		[345, "U19_1", 824.31, 335.25, "T", "DIP", "GND", "GND", "C", 39.37, 39.37, 19.69, 0],
		[346, "U19_1", 824.31, 335.25, "B", "DIP", "GND", "GND", "C", 39.37, 39.37, 19.69, 0],
		[347, "U19_1", 639.31, 335.25, "T", "DIP", "GND", "GND", "C", 39.37, 39.37, 19.69, 0],
		[348, "U19_1", 639.31, 335.25, "B", "DIP", "GND", "GND", "C", 39.37, 39.37, 19.69, 0],
		[349, "U19_1", 796.81, 400.25, "T", "DIP", "GND", "GND", "C", 39.37, 39.37, 19.69, 0],
		[350, "U19_1", 796.81, 400.25, "B", "DIP", "GND", "GND", "C", 39.37, 39.37, 19.69, 0],
		[351, "U19_1", 666.81, 270.25, "T", "DIP", "GND", "GND", "C", 39.37, 39.37, 19.69, 0],
		[352, "U19_1", 666.81, 270.25, "B", "DIP", "GND", "GND", "C", 39.37, 39.37, 19.69, 0],
		[353, "U19_1", 796.81, 270.25, "T", "DIP", "GND", "GND", "C", 39.37, 39.37, 19.69, 0],
		[354, "U19_1", 796.81, 270.25, "B", "DIP", "GND", "GND", "C", 39.37, 39.37, 19.69, 0],
		[355, "U19_1", 666.81, 400.25, "T", "DIP", "GND", "GND", "C", 39.37, 39.37, 19.69, 0],
		[356, "U19_1", 666.81, 400.25, "B", "DIP", "GND", "GND", "C", 39.37, 39.37, 19.69, 0],
		[357, "USBC1_0", -829.72, 232.84, "T", "DIP", "GND", "GND", "O", 47.24, 78.74, 62.99, 180],
		[358, "USBC1_0", -829.72, 232.84, "B", "DIP", "GND", "GND", "O", 47.24, 78.74, 62.99, 180],
		[359, "USBC1_1", -1170.28, 232.84, "T", "DIP", "GND", "GND", "O", 47.24, 78.74, 62.99, 180],
		[360, "USBC1_1", -1170.28, 232.84, "B", "DIP", "GND", "GND", "O", 47.24, 78.74, 62.99, 180],
		[361, "USBC1_2", -1170.28, 397.41, "T", "DIP", "GND", "GND", "O", 47.24, 70.87, 55.12, 180],
		[362, "USBC1_2", -1170.28, 397.41, "B", "DIP", "GND", "GND", "O", 47.24, 70.87, 55.12, 180],
		[363, "USBC1_3", -829.72, 397.41, "T", "DIP", "GND", "GND", "O", 47.24, 70.87, 55.12, 180],
		[364, "USBC1_3", -829.72, 397.41, "B", "DIP", "GND", "GND", "O", 47.24, 70.87, 55.12, 180],
		[365, "USBC1_A1", -868.11, 202.59, "T", "SMD", "GND", "GND", "R", 11.81, 51.18, 0, 180],
		[366, "USBC1_A12", -1131.89, 202.59, "T", "SMD", "GND", "GND", "R", 11.81, 51.18, 0, 180],
		[367, "USBC1_A4", -899.61, 202.59, "T", "SMD", "VCC", "", "R", 11.81, 51.18, 0, 180],
		[368, "USBC1_A5", -950.79, 202.59, "T", "SMD", "$1N2567", "", "R", 11.81, 51.18, 0, 180],
		[369, "USBC1_A6", -990.16, 202.59, "T", "SMD", "DP", "", "R", 11.81, 51.18, 0, 180],
		[370, "USBC1_A7", -1009.84, 202.59, "T", "SMD", "DN", "", "R", 11.81, 51.18, 0, 180],
		[371, "USBC1_A8", -1049.2, 202.59, "T", "SMD", "USBC1_A8", "", "R", 11.81, 51.18, 0, 180],
		[372, "USBC1_A9", -1100.4, 202.59, "T", "SMD", "VCC", "", "R", 11.81, 51.18, 0, 180],
		[373, "USBC1_B1", -1120.08, 202.59, "T", "SMD", "GND", "GND", "R", 11.81, 51.18, 0, 180],
		[374, "USBC1_B12", -879.92, 202.59, "T", "SMD", "GND", "GND", "R", 11.81, 51.18, 0, 180],
		[375, "USBC1_B4", -1088.58, 202.59, "T", "SMD", "VCC", "", "R", 11.81, 51.18, 0, 180],
		[376, "USBC1_B5", -1068.9, 202.59, "T", "SMD", "$1N2566", "", "R", 11.81, 51.18, 0, 180],
		[377, "USBC1_B6", -1029.53, 202.59, "T", "SMD", "DP", "", "R", 11.81, 51.18, 0, 180],
		[378, "USBC1_B7", -970.47, 202.59, "T", "SMD", "DN", "", "R", 11.81, 51.18, 0, 180],
		[379, "USBC1_B8", -931.1, 202.59, "T", "SMD", "USBC1_B8", "", "R", 11.81, 51.18, 0, 180],
		[380, "USBC1_B9", -911.42, 202.59, "T", "SMD", "VCC", "", "R", 11.81, 51.18, 0, 180],
		[381, "X1_1", 254.45, -83.31, "T", "SMD", "X1-8M", "", "R", 55.12, 47.24, 0, 90],
		[382, "X1_2", 254.45, 3.31, "T", "SMD", "GND", "GND", "R", 55.12, 47.24, 0, 90],
		[383, "X1_3", 185.55, 3.31, "T", "SMD", "X2-8M", "", "R", 55.12, 47.24, 0, 90],
		[384, "X1_4", 185.55, -83.31, "T", "SMD", "GND", "GND", "R", 55.12, 47.24, 0, 90],
		[385, "X2_1", 200, -234.8, "T", "SMD", "X2-32K", "", "R", 41.34, 66.93, 0, 270],
		[386, "X2_2", 200, -335.2, "T", "SMD", "X1-32K", "", "R", 41.34, 66.93, 0, 270]
	]
}
}